ponto,IMPa_fibra,IMPa_filme,IMPa_fragmento,IMPa_pellet,MP_fibra,MP_filme,MP_fragmento,MP_pellet
P1,112.47625791266238,37.54472295470687,0.0,54.967200801094926,6.0,2.0,0.0,2.0
P2,0.0,0.0,0.0,409.59468940015574,0.0,0.0,0.0,16.0
P3,0.0,7.111725768544564,18.879318532797907,20.833373093877974,0.0,0.5,0.5,0.5
P4,126.8993791747767,104.4899978657588,0.0,76.28235980753905,4.0,4.0,0.0,4.0
P5,0.0,162.4468355504198,0.0,0.0,0.0,8.0,0.0,0.0
