{
    "10x": {
        "um_por_pixel": 0.06043674087924931,
        "distancia_real_um": 5.0,
        "pixels_medidos": 82.73113220962463
    }
}