{
    "4x": {
        "um_por_pixel": 0.0619047619047619,
        "distancia_real_um": 5.0,
        "pixels_medidos": 80.76923076923077
    }
}