{
    "IMPa_area_por_ponto": {
        "P1": 134.64184052272253,
        "P2": 399.2517930939805,
        "P3": 123.36808087210764,
        "P4": 222.7017881218601,
        "P5": 36.78435798723427
    },
    "IMPa_area_por_tipo_por_ponto": {
        "P1": {
            "fibra": 50.508498583569065,
            "filme": 43.05628811479093,
            "pellet": 41.07705382436255
        },
        "P2": {
            "pellet": 399.2517930939805
        },
        "P3": {
            "pellet": 77.46945441717315,
            "filme": 6.551878138632758,
            "fragmento": 39.34674831630173
        },
        "P4": {
            "filme": 55.101200069197084,
            "pellet": 111.61036142376766,
            "fibra": 55.99022662889535
        },
        "P5": {
            "filme": 36.78435798723427
        }
    },
    "IMPa_area_global": 152.6905753819458
}