{
    "IMPa_por_ponto": {
        "P1": 178.5768593306443,
        "P2": 409.59468940015574,
        "P3": 46.82441739522044,
        "P4": 307.67173684807454,
        "P5": 162.4468355504198
    },
    "IMPa_global": 137.0810040335555,
    "IMPa_por_tipo_por_ponto": {
        "P1": {
            "fibra": 86.06493557484252,
            "filme": 37.54472295470687,
            "pellet": 54.967200801094926
        },
        "P2": {
            "pellet": 409.59468940015574
        },
        "P3": {
            "pellet": 20.833373093877974,
            "filme": 7.111725768544564,
            "fragmento": 18.879318532797907
        },
        "P4": {
            "filme": 104.4899978657588,
            "pellet": 76.28235980753905,
            "fibra": 126.8993791747767
        },
        "P5": {
            "filme": 162.4468355504198
        }
    },
    "MP_por_ponto": {
        "P1": 8.0,
        "P2": 16.0,
        "P3": 1.5,
        "P4": 12.0,
        "P5": 8.0
    },
    "MP_global": 5.428571428571429,
    "MP_por_tipo_por_ponto": {
        "P1": {
            "fibra": 4.0,
            "filme": 2.0,
            "pellet": 2.0
        },
        "P2": {
            "pellet": 16.0
        },
        "P3": {
            "pellet": 0.5,
            "filme": 0.5,
            "fragmento": 0.5
        },
        "P4": {
            "filme": 4.0,
            "pellet": 4.0,
            "fibra": 4.0
        },
        "P5": {
            "filme": 8.0
        }
    }
}