{
    "IMPa_area_por_ponto": {
        "P1": 20.01012853475216,
        "P2": 63.30560151233831,
        "P3": 15.539068069247154,
        "P4": 0.0,
        "P5": 0.0,
        "P6": 203.31640763857425,
        "P7": 50.02517776878862,
        "P8": 701.159821975009,
        "P9": 145.8810051549819
    },
    "IMPa_area_por_tipo_por_ponto": {
        "P1": {
            "Fragment": 20.01012853475216
        },
        "P2": {
            "Fragment": 55.11066584689742,
            "Pellet": 8.1949356654409
        },
        "P3": {
            "Fragment": 15.539068069247154
        },
        "P4": {},
        "P5": {},
        "P6": {
            "Fragment": 61.36723246533778,
            "Pellet": 141.94917517323648
        },
        "P7": {
            "Fragment": 50.02517776878862
        },
        "P8": {
            "Fragment": 701.159821975009
        },
        "P9": {
            "Fragment": 145.8810051549819
        }
    },
    "IMPa_area_global": 133.24857896152128
}