{
    "IMPa_por_ponto": {
        "P1": 1460.3542596517607,
        "P2": 659.5308528169818,
        "P3": 602.2722339118059,
        "P4": 306.43198088097483,
        "P5": 351.2982561545344,
        "P6": 250.56478972084182,
        "P7": 914.7882917189098,
        "P8": 2591.9363536733576,
        "P9": 1815.598200467678
    },
    "IMPa_global": 994.7528021107605,
    "IMPa_por_tipo_por_ponto": {
        "P1": {
            "Fiber": 1103.668689170903,
            "Fragment": 356.6855704808578
        },
        "P2": {
            "Fragment": 79.31903175618217,
            "Pellet": 15.215232646455835,
            "Fiber": 564.9965884143438
        },
        "P3": {
            "Fiber": 579.9732729384604,
            "Fragment": 22.298960973345423
        },
        "P4": {
            "Fiber": 306.43198088097483
        },
        "P5": {
            "Fiber": 351.2982561545344
        },
        "P6": {
            "Fragment": 189.83855650810102,
            "Pellet": 60.72623321274081
        },
        "P7": {
            "Fiber": 853.7387381704112,
            "Fragment": 61.04955354849864
        },
        "P8": {
            "Fragment": 702.8023234842639,
            "Fiber": 1889.1340301890934
        },
        "P9": {
            "Fiber": 1643.7264150457536,
            "Fragment": 171.87178542192453
        }
    },
    "MP_por_ponto": {
        "P1": 16.0,
        "P2": 12.0,
        "P3": 13.0,
        "P4": 6.0,
        "P5": 4.0,
        "P6": 18.0,
        "P7": 9.0,
        "P8": 23.0,
        "P9": 20.0
    },
    "MP_global": 13.444444444444445,
    "MP_por_tipo_por_ponto": {
        "P1": {
            "Fiber": 12.0,
            "Fragment": 4.0
        },
        "P2": {
            "Fragment": 4.0,
            "Pellet": 2.0,
            "Fiber": 6.0
        },
        "P3": {
            "Fiber": 12.0,
            "Fragment": 1.0
        },
        "P4": {
            "Fiber": 6.0
        },
        "P5": {
            "Fiber": 4.0
        },
        "P6": {
            "Fragment": 16.0,
            "Pellet": 2.0
        },
        "P7": {
            "Fiber": 8.0,
            "Fragment": 1.0
        },
        "P8": {
            "Fragment": 4.0,
            "Fiber": 19.0
        },
        "P9": {
            "Fiber": 18.0,
            "Fragment": 2.0
        }
    }
}